{
	"class_name" : "PinholeCameraParameters",
	"extrinsic" : 
	[
		0.99721255796813868,
		0.060667814026013275,
		0.043434209696355322,
		0.0,
		0.054003926414027209,
		-0.9885501486421916,
		0.14089776276211571,
		0.0,
		0.051484853719421547,
		-0.13815940055170395,
		-0.98907092257162421,
		0.0,
		-471.75206092021631,
		-44.200800128054425,
		5341.7961658455451,
		1.0
	],
	"intrinsic" : 
	{
		"height" : 1055,
		"intrinsic_matrix" : 
		[
			913.65680099258282,
			0.0,
			0.0,
			0.0,
			913.65680099258282,
			0.0,
			959.5,
			527.0,
			1.0
		],
		"width" : 1920
	},
	"version_major" : 1,
	"version_minor" : 0
}